LASTGOOD,protocol,flight,callsign,url,lu7aa_url,wsprtv_et_url,c_date,c_time,grid6,c_band,channel,c_frequency,voltage,temp,altitude,lat,lon,country,maxoffPct24Hrs,solarAngle_last,solarAngle_min,solarAngle_max,c_timestampCnt,totalCallsignSpots,totalTimeStamps,avgSpotsPerTimeStamp,matchedCnt,notMatchedCnt,matchedCntPct
2026-10-09-09:28:00,kc3lbr_u4b,AC3AU-20M-110,AC3AU,"https://wsprtv.com/?show_unattached&cs=AC3AU&band=20m&ch=110&start_date=2026-09-09","http://balloons.browxy.com/wsprx?other=AC3AU&banda=20m&balloonid=05&timeslot=0&launch=20260909000000&tracker=traquito&qrpid=110","https://wsprtv.com/?show_unattached&ct_dec=ct,s:1_68719476736:0:1~ct,s:2_68719476736:0:1~ct,s:3_68719476736:0:1&ct_labels=val1,val2,val3&cs=AC3AU&band=20m&ch=110&start_date=2026-09-09",2026-10-09,09:28:00,FO04GF,20m,110,14097137,3.55,-43,13840,54.2292,-79.4583,Canada,13.19,-16.35,-41.87,28.96,280,14085,589,23.91,252,16,94.03
2026-10-08-06:48:00,kc3lbr_u4b,AC3AU-20M-565,AC3AU,"https://wsprtv.com/?show_unattached&cs=AC3AU&band=20m&ch=565&start_date=2026-09-09","http://balloons.browxy.com/wsprx?other=AC3AU&banda=20m&balloonid=Q8&timeslot=0&launch=20260909000000&tracker=traquito&qrpid=565","https://wsprtv.com/?show_unattached&ct_dec=ct,s:1_68719476736:0:1~ct,s:2_68719476736:0:1~ct,s:3_68719476736:0:1&ct_labels=val1,val2,val3&cs=AC3AU&band=20m&ch=565&start_date=2026-09-09",2026-10-08,06:48:00,EO27RL,20m,565,14097137,3.05,-19,12760,57.4792,-94.5417,Canada,13.19,-23.25,-38.69,26.46,280,15736,491,32.05,2,147,1.34
2026-10-09-08:50:00,wb8elk,AE0SS-15M-,AE0SS,"https://wsprtv.com/?show_unattached&cs=AE0SS&band=15m&ch=&start_date=2026-09-09","http://balloons.browxy.com/wsprx?other=AE0SS&banda=15m&balloonid=&timeslot=&launch=20260909000000&tracker=&qrpid=","https://wsprtv.com/?show_unattached&ct_dec=ct,s:1_68719476736:0:1~ct,s:2_68719476736:0:1~ct,s:3_68719476736:0:1&ct_labels=val1,val2,val3&cs=AE0SS&band=15m&ch=&start_date=2026-09-09",2026-10-09,08:50:00,NN93LL,15m,,21096101,-,-,-,43.4792,98.9583,Mongolia,69.44,20.01,3.27,40.27,56,208,56,3.71,0,0,0.00
2026-10-09-08:20:00,zachtek,AE0SS-17M-z0,AE0SS,"https://wsprtv.com/?show_unattached&cs=AE0SS&band=17m&ch=z0&start_date=2026-09-09","http://balloons.browxy.com/wsprx?other=AE0SS&banda=17m&balloonid=&timeslot=&launch=20260909000000&tracker=&qrpid=","https://wsprtv.com/?show_unattached&ct_dec=ct,s:1_68719476736:0:1~ct,s:2_68719476736:0:1~ct,s:3_68719476736:0:1&ct_labels=val1,val2,val3&cs=AE0SS&band=17m&ch=z0&start_date=2026-09-09",2026-10-09,08:20:00,NN93LL,17m,z0,18106108,-,-,-,43.4792,98.9583,Mongolia,65.28,-23.04,0.0,41.03,97,285,97,2.94,0,0,0.00
2026-10-04-23:28:00,traquito_u4b,AE4ZZ-20M-165,AE4ZZ,"https://wsprtv.com/?show_unattached&cs=AE4ZZ&band=20m&ch=165&start_date=2026-09-09","http://balloons.browxy.com/wsprx?other=AE4ZZ&banda=20m&balloonid=08&timeslot=0&launch=20260909000000&tracker=traquito&qrpid=165","https://wsprtv.com/?show_unattached&ct_dec=ct,s:1_68719476736:0:1~ct,s:2_68719476736:0:1~ct,s:3_68719476736:0:1&ct_labels=val1,val2,val3&cs=AE4ZZ&band=20m&ch=165&start_date=2026-09-09",2026-10-04,23:28:00,CP80QC,20m,165,14097072,4.6,-35,12480,60.1042,-122.625,Canada,68.06,17.37,17.37,26.29,13,122,18,6.78,3,1,75.00
2026-10-09-09:22:00,ag6ns,AG6NS-20M-W062,AG6NS,"https://wsprtv.com/?show_unattached&cs=AG6NS&band=20m&ch=W062&start_date=2026-09-09","http://balloons.browxy.com/wsprx?other=AG6NS&banda=20m&balloonid=&timeslot=&launch=20260909000000&tracker=&qrpid=","https://wsprtv.com/?show_unattached&ct_dec=ct,s:1_68719476736:0:1~ct,s:2_68719476736:0:1~ct,s:3_68719476736:0:1&ct_labels=val1,val2,val3&cs=AG6NS&band=20m&ch=W062&start_date=2026-09-09",2026-10-09,09:22:00,OD50LL,20m,W062,14097025,-,-,-,-59.5208,110.9583,None,47.22,15.26,-1.93,40.1,119,268,119,2.25,0,0,0.00
2026-10-08-21:54:00,ad6z_u4b,DG2GG-17M-81,DG2GG,"https://wsprtv.com/?show_unattached&cs=DG2GG&band=17m&ch=81&start_date=2026-09-09","http://balloons.browxy.com/wsprx?other=DG2GG&banda=17m&balloonid=04&timeslot=6&launch=20260909000000&tracker=traquito&qrpid=81","https://wsprtv.com/?show_unattached&ct_dec=ct,s:1_68719476736:0:1~ct,s:2_68719476736:0:1~ct,s:3_68719476736:0:1&ct_labels=val1,val2,val3&cs=DG2GG&band=17m&ch=81&start_date=2026-09-09",2026-10-08,21:54:00,CN06WC,17m,81,18106028,3.2,-22,13520,46.1042,-138.125,None,77.08,8.5,-5.92,37.52,27,384,33,11.64,6,0,100.00
2026-10-08-19:08:00,traquito_u4b,DG2GG-17M-83,DG2GG,"https://wsprtv.com/?show_unattached&cs=DG2GG&band=17m&ch=83&start_date=2026-09-09","http://balloons.browxy.com/wsprx?other=DG2GG&banda=17m&balloonid=04&timeslot=0&launch=20260909000000&tracker=traquito&qrpid=83","https://wsprtv.com/?show_unattached&ct_dec=ct,s:1_68719476736:0:1~ct,s:2_68719476736:0:1~ct,s:3_68719476736:0:1&ct_labels=val1,val2,val3&cs=DG2GG&band=17m&ch=83&start_date=2026-09-09",2026-10-08,19:08:00,GL67ID,17m,83,18106042,4.0,-24,13640,27.1458,-47.2917,None,70.14,16.61,16.61,53.01,84,11088,258,42.98,80,2,97.56
2026-10-09-08:24:00,traquito_u4b,DG2GG-20M-123,DG2GG,"https://wsprtv.com/?show_unattached&cs=DG2GG&band=20m&ch=123&start_date=2026-09-09","http://balloons.browxy.com/wsprx?other=DG2GG&banda=20m&balloonid=06&timeslot=6&launch=20260909000000&tracker=traquito&qrpid=123","https://wsprtv.com/?show_unattached&ct_dec=ct,s:1_68719476736:0:1~ct,s:2_68719476736:0:1~ct,s:3_68719476736:0:1&ct_labels=val1,val2,val3&cs=DG2GG&band=20m&ch=123&start_date=2026-09-09",2026-10-09,08:24:00,OO09RI,20m,123,14097034,4.05,-38,11960,59.3542,101.4583,Russian_Federation,77.08,13.78,-4.68,28.09,57,1144,134,8.54,41,1,97.62
2026-10-09-09:54:00,qrplabs_u4b,DH1PR-20M-573,DH1PR,"https://wsprtv.com/?show_unattached&cs=DH1PR&band=20m&ch=573&start_date=2026-09-09","http://balloons.browxy.com/wsprx?other=DH1PR&banda=20m&balloonid=Q8&timeslot=6&launch=20260909000000&tracker=qrplabs&qrpid=573","https://wsprtv.com/?show_unattached&ct_dec=ct,s:1_68719476736:0:1~ct,s:2_68719476736:0:1~ct,s:3_68719476736:0:1&ct_labels=val1,val2,val3&cs=DH1PR&band=20m&ch=573&start_date=2026-09-09",2026-10-09,09:54:00,JO23SP,20m,573,14097184,4.25,-7,11240,53.6458,5.5417,Netherlands,48.61,26.96,-13.19,42.64,145,12111,291,41.62,145,0,100.00
2026-10-09-03:12:00,dj2ds,DJ2DS-17M-520,DJ2DS,"https://wsprtv.com/?show_unattached&cs=DJ2DS&band=17m&ch=520&start_date=2026-09-09","http://balloons.browxy.com/wsprx?other=DJ2DS&banda=17m&balloonid=&timeslot=&launch=20260909000000&tracker=&qrpid=","https://wsprtv.com/?show_unattached&ct_dec=ct,s:1_68719476736:0:1~ct,s:2_68719476736:0:1~ct,s:3_68719476736:0:1&ct_labels=val1,val2,val3&cs=DJ2DS&band=17m&ch=520&start_date=2026-09-09",2026-10-09,03:12:00,BN10HC,17m,520,18106032,3.6,6,12800,40.1042,-157.375,None,60.42,8.37,1.03,55.82,136,1723,269,6.41,109,18,85.83
2026-10-06-08:30:00,zachtek,DO3GU/2-10M-,DO3GU/2,"https://wsprtv.com/?show_unattached&cs=DO3GU/2&band=10m&ch=&start_date=2026-09-09","http://balloons.browxy.com/wsprx?other=DO3GU/2&banda=10m&balloonid=&timeslot=&launch=20260909000000&tracker=&qrpid=","https://wsprtv.com/?show_unattached&ct_dec=ct,s:1_68719476736:0:1~ct,s:2_68719476736:0:1~ct,s:3_68719476736:0:1&ct_labels=val1,val2,val3&cs=DO3GU/2&band=10m&ch=&start_date=2026-09-09",2026-10-06,08:30:00,JO42LL,10m,,28126141,-,-,-,52.4792,8.9583,Germany,150.14,22.94,0.0,22.94,21,362,21,17.24,0,0,0.00
2026-10-07-13:22:00,zachtek,DO3GU/2-17M-,DO3GU/2,"https://wsprtv.com/?show_unattached&cs=DO3GU/2&band=17m&ch=&start_date=2026-09-09","http://balloons.browxy.com/wsprx?other=DO3GU/2&banda=17m&balloonid=&timeslot=&launch=20260909000000&tracker=&qrpid=","https://wsprtv.com/?show_unattached&ct_dec=ct,s:1_68719476736:0:1~ct,s:2_68719476736:0:1~ct,s:3_68719476736:0:1&ct_labels=val1,val2,val3&cs=DO3GU/2&band=17m&ch=&start_date=2026-09-09",2026-10-07,13:22:00,LO53LL,17m,,18106060,-,-,-,53.4792,50.9583,Russian_Federation,0.42,4.71,4.71,26.41,3,4,3,1.33,0,0,0.00
2026-10-08-21:40:00,zachtek,DO3GU/4-10M-Z0,DO3GU/4,"https://wsprtv.com/?show_unattached&cs=DO3GU/4&band=10m&ch=Z0&start_date=2026-09-09","http://balloons.browxy.com/wsprx?other=DO3GU/4&banda=10m&balloonid=&timeslot=&launch=20260909000000&tracker=&qrpid=","https://wsprtv.com/?show_unattached&ct_dec=ct,s:1_68719476736:0:1~ct,s:2_68719476736:0:1~ct,s:3_68719476736:0:1&ct_labels=val1,val2,val3&cs=DO3GU/4&band=10m&ch=Z0&start_date=2026-09-09",2026-10-08,21:40:00,EM26LL,10m,Z0,28126127,-,-,-,36.4792,-95.0417,United_States_of_America,73.61,24.63,14.9,47.44,51,73,51,1.43,0,0,0.00
2026-10-08-21:54:00,zachtek,DO3GU/4-17M-Z0,DO3GU/4,"https://wsprtv.com/?show_unattached&cs=DO3GU/4&band=17m&ch=Z0&start_date=2026-09-09","http://balloons.browxy.com/wsprx?other=DO3GU/4&banda=17m&balloonid=&timeslot=&launch=20260909000000&tracker=&qrpid=","https://wsprtv.com/?show_unattached&ct_dec=ct,s:1_68719476736:0:1~ct,s:2_68719476736:0:1~ct,s:3_68719476736:0:1&ct_labels=val1,val2,val3&cs=DO3GU/4&band=17m&ch=Z0&start_date=2026-09-09",2026-10-08,21:54:00,EM26LL,17m,Z0,18106063,-,-,-,36.4792,-95.0417,United_States_of_America,66.67,22.14,8.19,47.43,106,417,106,3.93,0,0,0.00
2026-10-08-21:04:00,zachtek,DO3GU/5-10M-Z0,DO3GU/5,"https://wsprtv.com/?show_unattached&cs=DO3GU/5&band=10m&ch=Z0&start_date=2026-09-09","http://balloons.browxy.com/wsprx?other=DO3GU/5&banda=10m&balloonid=&timeslot=&launch=20260909000000&tracker=&qrpid=","https://wsprtv.com/?show_unattached&ct_dec=ct,s:1_68719476736:0:1~ct,s:2_68719476736:0:1~ct,s:3_68719476736:0:1&ct_labels=val1,val2,val3&cs=DO3GU/5&band=10m&ch=Z0&start_date=2026-09-09",2026-10-08,21:04:00,DO09LL,10m,Z0,28126112,-,-,-,59.4792,-119.0417,Canada,3.33,22.5,12.53,24.42,18,32,18,1.78,0,0,0.00
2026-10-08-22:22:00,zachtek,DO3GU/5-17M-Z0,DO3GU/5,"https://wsprtv.com/?show_unattached&cs=DO3GU/5&band=17m&ch=Z0&start_date=2026-09-09","http://balloons.browxy.com/wsprx?other=DO3GU/5&banda=17m&balloonid=&timeslot=&launch=20260909000000&tracker=&qrpid=","https://wsprtv.com/?show_unattached&ct_dec=ct,s:1_68719476736:0:1~ct,s:2_68719476736:0:1~ct,s:3_68719476736:0:1&ct_labels=val1,val2,val3&cs=DO3GU/5&band=17m&ch=Z0&start_date=2026-09-09",2026-10-08,22:22:00,DO29LL,17m,Z0,18106138,-,-,-,59.4792,-115.0417,Canada,75.14,16.62,13.79,25.78,85,213,85,2.51,0,0,0.00
2026-10-06-07:12:00,zachtek,DO3GU/6-17M-Z0,DO3GU/6,"https://wsprtv.com/?show_unattached&cs=DO3GU/6&band=17m&ch=Z0&start_date=2026-09-09","http://balloons.browxy.com/wsprx?other=DO3GU/6&banda=17m&balloonid=&timeslot=&launch=20260909000000&tracker=&qrpid=","https://wsprtv.com/?show_unattached&ct_dec=ct,s:1_68719476736:0:1~ct,s:2_68719476736:0:1~ct,s:3_68719476736:0:1&ct_labels=val1,val2,val3&cs=DO3GU/6&band=17m&ch=Z0&start_date=2026-09-09",2026-10-06,07:12:00,OO14LL,17m,Z0,18106147,-,-,-,54.4792,102.9583,Russian_Federation,100.42,24.74,-6.55,37.25,15,32,15,2.13,0,0,0.00
2026-10-08-18:56:00,qrplabs_u4b,EI6BFW-20M-289,EI6BFW,"https://wsprtv.com/?show_unattached&cs=EI6BFW&band=20m&ch=289&start_date=2026-09-09","http://balloons.browxy.com/wsprx?other=EI6BFW&banda=20m&balloonid=14&timeslot=8&launch=20260909000000&tracker=qrplabs&qrpid=289","https://wsprtv.com/?show_unattached&ct_dec=ct,s:1_68719476736:0:1~ct,s:2_68719476736:0:1~ct,s:3_68719476736:0:1&ct_labels=val1,val2,val3&cs=EI6BFW&band=20m&ch=289&start_date=2026-09-09",2026-10-08,18:56:00,GO23FB,20m,289,14097062,4.55,-12,12560,53.0625,-55.5417,None,63.89,16.81,7.24,38.29,81,4758,164,29.01,80,0,100.00
2026-10-09-10:00:00,zachtek,EX0AA-20M-,EX0AA,"https://wsprtv.com/?show_unattached&cs=EX0AA&band=20m&ch=&start_date=2026-09-09","http://balloons.browxy.com/wsprx?other=EX0AA&banda=20m&balloonid=&timeslot=&launch=20260909000000&tracker=&qrpid=","https://wsprtv.com/?show_unattached&ct_dec=ct,s:1_68719476736:0:1~ct,s:2_68719476736:0:1~ct,s:3_68719476736:0:1&ct_labels=val1,val2,val3&cs=EX0AA&band=20m&ch=&start_date=2026-09-09",2026-10-09,10:00:00,MN72LL,20m,,14097130,-,-,-,42.4792,74.9583,Kyrgyzstan,82.92,24.52,1.71,42.01,210,2620,210,12.48,0,0,0.00
2026-10-06-08:24:00,traquito_u4b,F4KLO-10M-145,F4KLO,"https://wsprtv.com/?show_unattached&cs=F4KLO&band=10m&ch=145&start_date=2026-09-09","http://balloons.browxy.com/wsprx?other=F4KLO&banda=10m&balloonid=07&timeslot=6&launch=20260909000000&tracker=traquito&qrpid=145","https://wsprtv.com/?show_unattached&ct_dec=ct,s:1_68719476736:0:1~ct,s:2_68719476736:0:1~ct,s:3_68719476736:0:1&ct_labels=val1,val2,val3&cs=F4KLO&band=10m&ch=145&start_date=2026-09-09",2026-10-06,08:24:00,JN48ED,10m,145,28126009,4.3,17,12520,48.1458,8.375,Germany,73.61,24.96,9.55,36.91,46,113,86,1.31,34,1,97.14
2026-10-06-08:30:00,traquito_u4b,GJ0SVT-20M-,GJ0SVT,"https://wsprtv.com/?show_unattached&cs=GJ0SVT&band=20m&ch=&start_date=2026-09-09","http://balloons.browxy.com/wsprx?other=GJ0SVT&banda=20m&balloonid=&timeslot=-&launch=20260909000000&tracker=traquito&qrpid=","https://wsprtv.com/?show_unattached&ct_dec=ct,s:1_68719476736:0:1~ct,s:2_68719476736:0:1~ct,s:3_68719476736:0:1&ct_labels=val1,val2,val3&cs=GJ0SVT&band=20m&ch=&start_date=2026-09-09",2026-10-06,08:30:00,IN90LL,20m,,14097152,-,-,-,40.4792,-1.0417,Spain,69.44,25.03,4.55,48.71,89,3484,89,39.15,0,0,0.00
2026-10-08-11:30:00,zachtek,GM0DHD-15M-,GM0DHD,"https://wsprtv.com/?show_unattached&cs=GM0DHD&band=15m&ch=&start_date=2026-09-09","http://balloons.browxy.com/wsprx?other=GM0DHD&banda=15m&balloonid=&timeslot=&launch=20260909000000&tracker=&qrpid=","https://wsprtv.com/?show_unattached&ct_dec=ct,s:1_68719476736:0:1~ct,s:2_68719476736:0:1~ct,s:3_68719476736:0:1&ct_labels=val1,val2,val3&cs=GM0DHD&band=15m&ch=&start_date=2026-09-09",2026-10-08,11:30:00,JP77LL,15m,,21096089,-,-,-,67.4792,14.9583,Norway,59.44,28.25,0.0,28.25,5,9,5,1.8,0,0,0.00
2026-10-06-08:24:00,traquito_u4b,IU5SEK-20M-323,IU5SEK,"https://wsprtv.com/?show_unattached&cs=IU5SEK&band=20m&ch=323&start_date=2026-09-09","http://balloons.browxy.com/wsprx?other=IU5SEK&banda=20m&balloonid=16&timeslot=6&launch=20260909000000&tracker=traquito&qrpid=323","https://wsprtv.com/?show_unattached&ct_dec=ct,s:1_68719476736:0:1~ct,s:2_68719476736:0:1~ct,s:3_68719476736:0:1&ct_labels=val1,val2,val3&cs=IU5SEK&band=20m&ch=323&start_date=2026-09-09",2026-10-06,08:24:00,KM83EF,20m,323,14097026,3.7,-17,11440,33.2292,36.375,Syrian_Arab_Republic,63.19,49.2,2.02,49.2,71,7541,139,54.25,68,0,100.00
2026-10-04-04:50:00,traquito_u4b,K1FQY-20M-346,K1FQY,"https://wsprtv.com/?show_unattached&cs=K1FQY&band=20m&ch=346&start_date=2026-09-09","http://balloons.browxy.com/wsprx?other=K1FQY&banda=20m&balloonid=17&timeslot=2&launch=20260909000000&tracker=traquito&qrpid=346","https://wsprtv.com/?show_unattached&ct_dec=ct,s:1_68719476736:0:1~ct,s:2_68719476736:0:1~ct,s:3_68719476736:0:1&ct_labels=val1,val2,val3&cs=K1FQY&band=20m&ch=346&start_date=2026-09-09",2026-10-04,04:50:00,PP47WF,20m,346,14097067,4.35,-31,12120,67.2292,129.875,Russian_Federation,0.69,16.27,13.05,18.41,25,231,48,4.81,23,0,100.00
2026-10-07-14:34:00,traquito_u4b,K1FQY-20M-413,K1FQY,"https://wsprtv.com/?show_unattached&cs=K1FQY&band=20m&ch=413&start_date=2026-09-09","http://balloons.browxy.com/wsprx?other=K1FQY&banda=20m&balloonid=Q0&timeslot=6&launch=20260909000000&tracker=traquito&qrpid=413","https://wsprtv.com/?show_unattached&ct_dec=ct,s:1_68719476736:0:1~ct,s:2_68719476736:0:1~ct,s:3_68719476736:0:1&ct_labels=val1,val2,val3&cs=K1FQY&band=20m&ch=413&start_date=2026-09-09",2026-10-07,14:34:00,FN51JN,20m,413,14097121,4.95,-32,10020,41.5625,-69.2083,None,0.69,36.4,13.16,36.4,16,1809,32,56.53,16,0,100.00
2026-10-09-02:30:00,zachtek,K4TZO-20M-,K4TZO,"https://wsprtv.com/?show_unattached&cs=K4TZO&band=20m&ch=&start_date=2026-09-09","http://balloons.browxy.com/wsprx?other=K4TZO&banda=20m&balloonid=&timeslot=&launch=20260909000000&tracker=&qrpid=","https://wsprtv.com/?show_unattached&ct_dec=ct,s:1_68719476736:0:1~ct,s:2_68719476736:0:1~ct,s:3_68719476736:0:1&ct_labels=val1,val2,val3&cs=K4TZO&band=20m&ch=&start_date=2026-09-09",2026-10-09,02:30:00,RN63LL,20m,,14097067,-,-,-,43.4792,172.9583,None,69.44,34.36,15.82,59.07,24,63,24,2.62,0,0,0.00
2026-10-09-09:18:00,traquito_u4b,KC5UMA-17M-533,KC5UMA,"https://wsprtv.com/?show_unattached&cs=KC5UMA&band=17m&ch=533&start_date=2026-09-09","http://balloons.browxy.com/wsprx?other=KC5UMA&banda=17m&balloonid=Q6&timeslot=0&launch=20260909000000&tracker=traquito&qrpid=533","https://wsprtv.com/?show_unattached&ct_dec=ct,s:1_68719476736:0:1~ct,s:2_68719476736:0:1~ct,s:3_68719476736:0:1&ct_labels=val1,val2,val3&cs=KC5UMA&band=17m&ch=533&start_date=2026-09-09",2026-10-09,09:18:00,MP33MX,17m,533,18106121,3.85,-9,12500,63.9792,67.0417,Russian_Federation,96.53,15.7,15.64,19.1,13,571,25,22.84,12,0,100.00
2026-10-08-23:14:00,traquito_u4b,KC5UMA-17M-576,KC5UMA,"https://wsprtv.com/?show_unattached&cs=KC5UMA&band=17m&ch=576&start_date=2026-09-09","http://balloons.browxy.com/wsprx?other=KC5UMA&banda=17m&balloonid=Q8&timeslot=6&launch=20260909000000&tracker=traquito&qrpid=576","https://wsprtv.com/?show_unattached&ct_dec=ct,s:1_68719476736:0:1~ct,s:2_68719476736:0:1~ct,s:3_68719476736:0:1&ct_labels=val1,val2,val3&cs=KC5UMA&band=17m&ch=576&start_date=2026-09-09",2026-10-08,23:14:00,DI95PH,17m,576,18106192,4.1,-22,13880,-4.6875,-100.7083,None,60.42,19.45,18.43,89.23,100,3110,200,15.55,98,0,100.00
2026-10-09-09:36:00,traquito_u4b,KC5UMA-17M-87,KC5UMA,"https://wsprtv.com/?show_unattached&cs=KC5UMA&band=17m&ch=87&start_date=2026-09-09","http://balloons.browxy.com/wsprx?other=KC5UMA&banda=17m&balloonid=04&timeslot=8&launch=20260909000000&tracker=traquito&qrpid=87","https://wsprtv.com/?show_unattached&ct_dec=ct,s:1_68719476736:0:1~ct,s:2_68719476736:0:1~ct,s:3_68719476736:0:1&ct_labels=val1,val2,val3&cs=KC5UMA&band=17m&ch=87&start_date=2026-09-09",2026-10-09,09:36:00,NN01JC,17m,87,18106062,4.1,-29,13240,41.1042,80.7917,China,64.58,22.27,7.09,46.98,105,2384,204,11.69,87,5,94.57
2026-10-09-09:56:00,traquito_u4b,KC9WTM-20M-114,KC9WTM,"https://wsprtv.com/?show_unattached&cs=KC9WTM&band=20m&ch=114&start_date=2026-09-09","http://balloons.browxy.com/wsprx?other=KC9WTM&banda=20m&balloonid=05&timeslot=8&launch=20260909000000&tracker=traquito&qrpid=114","https://wsprtv.com/?show_unattached&ct_dec=ct,s:1_68719476736:0:1~ct,s:2_68719476736:0:1~ct,s:3_68719476736:0:1&ct_labels=val1,val2,val3&cs=KC9WTM&band=20m&ch=114&start_date=2026-09-09",2026-10-09,09:56:00,NM34PB,20m,114,14097153,4.05,-25,12500,34.0625,87.2917,China,64.58,20.99,0.0,47.96,78,627,151,4.15,56,7,88.89
2026-10-04-00:04:00,traquito_u4b,KC9WTM-20M-458,KC9WTM,"https://wsprtv.com/?show_unattached&cs=KC9WTM&band=20m&ch=458&start_date=2026-09-09","http://balloons.browxy.com/wsprx?other=KC9WTM&banda=20m&balloonid=Q2&timeslot=6&launch=20260909000000&tracker=traquito&qrpid=458","https://wsprtv.com/?show_unattached&ct_dec=ct,s:1_68719476736:0:1~ct,s:2_68719476736:0:1~ct,s:3_68719476736:0:1&ct_labels=val1,val2,val3&cs=KC9WTM&band=20m&ch=458&start_date=2026-09-09",2026-10-04,00:04:00,BL27NO,20m,458,14097188,3.55,-25,13000,27.6042,-154.875,None,0.00,47.86,47.86,47.86,1,43,3,14.33,1,0,100.00
2026-10-05-11:00:00,traquito_u4b,KC9WTM-20M-546,KC9WTM,"https://wsprtv.com/?show_unattached&cs=KC9WTM&band=20m&ch=546&start_date=2026-09-09","http://balloons.browxy.com/wsprx?other=KC9WTM&banda=20m&balloonid=Q7&timeslot=2&launch=20260909000000&tracker=traquito&qrpid=546","https://wsprtv.com/?show_unattached&ct_dec=ct,s:1_68719476736:0:1~ct,s:2_68719476736:0:1~ct,s:3_68719476736:0:1&ct_labels=val1,val2,val3&cs=KC9WTM&band=20m&ch=546&start_date=2026-09-09",2026-10-05,11:00:00,KM96LH,20m,546,14097067,4.2,-16,12900,36.3125,38.9583,Syrian_Arab_Republic,83.33,38.28,21.84,59.91,32,1130,59,19.15,27,0,100.00
2026-10-09-02:14:00,traquito_u4b,KE1IU-20M-208,KE1IU,"https://wsprtv.com/?show_unattached&cs=KE1IU&band=20m&ch=208&start_date=2026-09-09","http://balloons.browxy.com/wsprx?other=KE1IU&banda=20m&balloonid=10&timeslot=6&launch=20260909000000&tracker=traquito&qrpid=208","https://wsprtv.com/?show_unattached&ct_dec=ct,s:1_68719476736:0:1~ct,s:2_68719476736:0:1~ct,s:3_68719476736:0:1&ct_labels=val1,val2,val3&cs=KE1IU&band=20m&ch=208&start_date=2026-09-09",2026-10-09,02:14:00,RO50ED,20m,208,14097067,3.9,-33,11480,50.1458,170.375,None,71.53,29.2,0.0,34.81,60,489,120,4.08,42,9,82.35
2026-10-08-23:34:00,zachtek,KI6DS-20M-z4,KI6DS,"https://wsprtv.com/?show_unattached&cs=KI6DS&band=20m&ch=z4&start_date=2026-09-09","http://balloons.browxy.com/wsprx?other=KI6DS&banda=20m&balloonid=&timeslot=&launch=20260909000000&tracker=&qrpid=","https://wsprtv.com/?show_unattached&ct_dec=ct,s:1_68719476736:0:1~ct,s:2_68719476736:0:1~ct,s:3_68719476736:0:1&ct_labels=val1,val2,val3&cs=KI6DS&band=20m&ch=z4&start_date=2026-09-09",2026-10-08,23:34:00,CP23LL,20m,z4,14097018,-,-,-,63.4792,-135.0417,Canada,80.56,13.69,0.0,20.03,39,168,39,4.31,0,0,0.00
2026-10-09-09:52:00,traquito_u4b,KJ6MEL-20M-372,KJ6MEL,"https://wsprtv.com/?show_unattached&cs=KJ6MEL&band=20m&ch=372&start_date=2026-09-09","http://balloons.browxy.com/wsprx?other=KJ6MEL&banda=20m&balloonid=18&timeslot=4&launch=20260909000000&tracker=traquito&qrpid=372","https://wsprtv.com/?show_unattached&ct_dec=ct,s:1_68719476736:0:1~ct,s:2_68719476736:0:1~ct,s:3_68719476736:0:1&ct_labels=val1,val2,val3&cs=KJ6MEL&band=20m&ch=372&start_date=2026-09-09",2026-10-09,09:52:00,IN64RN,20m,372,14097151,3.95,-19,14020,44.5625,-6.5417,None,65.28,29.95,0.2,42.5,111,6622,223,29.7,111,0,100.00
2026-10-06-07:38:00,traquito_u4b,KK7OWL-20M-290,KK7OWL,"https://wsprtv.com/?show_unattached&cs=KK7OWL&band=20m&ch=290&start_date=2026-09-09","http://balloons.browxy.com/wsprx?other=KK7OWL&banda=20m&balloonid=14&timeslot=0&launch=20260909000000&tracker=traquito&qrpid=290","https://wsprtv.com/?show_unattached&ct_dec=ct,s:1_68719476736:0:1~ct,s:2_68719476736:0:1~ct,s:3_68719476736:0:1&ct_labels=val1,val2,val3&cs=KK7OWL&band=20m&ch=290&start_date=2026-09-09",2026-10-06,07:38:00,IN38LE,20m,290,14097133,4.95,-33,11680,48.1875,-13.0417,None,64.58,9.63,1.03,36.55,16,345,26,13.27,6,0,100.00
2026-10-09-08:30:00,wb8elk,KQ6RS-20M-,KQ6RS,"https://wsprtv.com/?show_unattached&cs=KQ6RS&band=20m&ch=&start_date=2026-09-09","http://balloons.browxy.com/wsprx?other=KQ6RS&banda=20m&balloonid=&timeslot=&launch=20260909000000&tracker=&qrpid=","https://wsprtv.com/?show_unattached&ct_dec=ct,s:1_68719476736:0:1~ct,s:2_68719476736:0:1~ct,s:3_68719476736:0:1&ct_labels=val1,val2,val3&cs=KQ6RS&band=20m&ch=&start_date=2026-09-09",2026-10-09,08:30:00,PM50LL,20m,,14097187,-,-,-,30.4792,130.9583,Japan,54.86,4.13,-4.37,53.53,36,46,36,1.28,0,0,0.00
2026-10-09-01:04:00,traquito_u4b,KS4VA-17M-21,KS4VA,"https://wsprtv.com/?show_unattached&cs=KS4VA&band=17m&ch=21&start_date=2026-09-09","http://balloons.browxy.com/wsprx?other=KS4VA&banda=17m&balloonid=01&timeslot=6&launch=20260909000000&tracker=traquito&qrpid=21","https://wsprtv.com/?show_unattached&ct_dec=ct,s:1_68719476736:0:1~ct,s:2_68719476736:0:1~ct,s:3_68719476736:0:1&ct_labels=val1,val2,val3&cs=KS4VA&band=17m&ch=21&start_date=2026-09-09",2026-10-09,01:04:00,AM60XO,17m,21,18106026,4.5,-9,13240,30.6042,-166.0417,None,84.72,41.41,37.4,52.94,20,383,41,9.34,19,0,100.00
2026-10-08-10:52:00,traquito_u4b,KS4VA-20M-582,KS4VA,"https://wsprtv.com/?show_unattached&cs=KS4VA&band=20m&ch=582&start_date=2026-09-09","http://balloons.browxy.com/wsprx?other=KS4VA&banda=20m&balloonid=Q9&timeslot=4&launch=20260909000000&tracker=traquito&qrpid=582","https://wsprtv.com/?show_unattached&ct_dec=ct,s:1_68719476736:0:1~ct,s:2_68719476736:0:1~ct,s:3_68719476736:0:1&ct_labels=val1,val2,val3&cs=KS4VA&band=20m&ch=582&start_date=2026-09-09",2026-10-08,10:52:00,OO25BQ,20m,582,14097030,3.0,-40,13380,55.6875,104.125,Russian_Federation,36.11,-4.89,-31.74,28.07,92,1022,181,5.65,82,2,97.62
2026-10-08-23:36:00,traquito_u4b,KS4VA-20M-84,KS4VA,"https://wsprtv.com/?show_unattached&cs=KS4VA&band=20m&ch=84&start_date=2026-09-09","http://balloons.browxy.com/wsprx?other=KS4VA&banda=20m&balloonid=04&timeslot=8&launch=20260909000000&tracker=traquito&qrpid=84","https://wsprtv.com/?show_unattached&ct_dec=ct,s:1_68719476736:0:1~ct,s:2_68719476736:0:1~ct,s:3_68719476736:0:1&ct_labels=val1,val2,val3&cs=KS4VA&band=20m&ch=84&start_date=2026-09-09",2026-10-08,23:36:00,PN37JD,20m,84,14097027,4.6,-17,15620,47.1458,126.7917,China,56.25,28.99,0.0,40.29,54,258,110,2.35,34,12,73.91
2026-10-08-17:10:00,wb8elk,N0MPM-31,N0MPM,"https://wsprtv.com/?show_unattached&cs=N0MPM&band=17m&ch=&start_date=2026-09-09","http://balloons.browxy.com/wsprx?other=N0MPM&banda=17m&balloonid=&timeslot=&launch=20260909000000&tracker=&qrpid=","https://wsprtv.com/?show_unattached&ct_dec=ct,s:1_68719476736:0:1~ct,s:2_68719476736:0:1~ct,s:3_68719476736:0:1&ct_labels=val1,val2,val3&cs=N0MPM&band=17m&ch=&start_date=2026-09-09",2026-10-08,17:10:00,GO41LL,17m,,18106114,-,-,-,51.4792,-51.0417,None,71.53,27.8,18.63,41.84,58,1778,58,30.66,0,0,0.00
2026-10-08-18:10:00,traquito_u4b,N4CN-20M-91,N4CN,"https://wsprtv.com/?show_unattached&cs=N4CN&band=20m&ch=91&start_date=2026-09-09","http://balloons.browxy.com/wsprx?other=N4CN&banda=20m&balloonid=04&timeslot=2&launch=20260909000000&tracker=traquito&qrpid=91","https://wsprtv.com/?show_unattached&ct_dec=ct,s:1_68719476736:0:1~ct,s:2_68719476736:0:1~ct,s:3_68719476736:0:1&ct_labels=val1,val2,val3&cs=N4CN&band=20m&ch=91&start_date=2026-09-09",2026-10-08,18:10:00,GM88QM,20m,91,14097146,4.15,-18,13100,38.5208,-42.625,None,55.56,18.51,-1.83,50.05,78,7191,152,47.31,73,0,100.00
2026-10-08-02:56:00,traquito_u4b,NE9JJ-15M-365,NE9JJ,"https://wsprtv.com/?show_unattached&cs=NE9JJ&band=15m&ch=365&start_date=2026-09-09","http://balloons.browxy.com/wsprx?other=NE9JJ&banda=15m&balloonid=18&timeslot=8&launch=20260909000000&tracker=traquito&qrpid=365","https://wsprtv.com/?show_unattached&ct_dec=ct,s:1_68719476736:0:1~ct,s:2_68719476736:0:1~ct,s:3_68719476736:0:1&ct_labels=val1,val2,val3&cs=NE9JJ&band=15m&ch=365&start_date=2026-09-09",2026-10-08,02:56:00,RO86RP,15m,365,21096110,3.9,-20,12100,56.6458,177.4583,None,57.64,4.92,0.0,48.13,55,1008,99,10.18,44,0,100.00
2026-10-08-12:46:00,traquito_u4b,NQ1W-20M-264,NQ1W,"https://wsprtv.com/?show_unattached&cs=NQ1W&band=20m&ch=264&start_date=2026-09-09","http://balloons.browxy.com/wsprx?other=NQ1W&banda=20m&balloonid=13&timeslot=8&launch=20260909000000&tracker=traquito&qrpid=264","https://wsprtv.com/?show_unattached&ct_dec=ct,s:1_68719476736:0:1~ct,s:2_68719476736:0:1~ct,s:3_68719476736:0:1&ct_labels=val1,val2,val3&cs=NQ1W&band=20m&ch=264&start_date=2026-09-09",2026-10-08,12:46:00,GN96CQ,20m,264,14097039,4.4,-17,12860,46.6875,-41.7917,None,77.78,36.92,22.89,41.73,22,2457,41,59.93,18,1,94.74
2026-10-08-13:44:00,zachtek,PD0OHW/M-10M-,PD0OHW/M,"https://wsprtv.com/?show_unattached&cs=PD0OHW/M&band=10m&ch=&start_date=2026-09-09","http://balloons.browxy.com/wsprx?other=PD0OHW/M&banda=10m&balloonid=&timeslot=&launch=20260909000000&tracker=&qrpid=","https://wsprtv.com/?show_unattached&ct_dec=ct,s:1_68719476736:0:1~ct,s:2_68719476736:0:1~ct,s:3_68719476736:0:1&ct_labels=val1,val2,val3&cs=PD0OHW/M&band=10m&ch=&start_date=2026-09-09",2026-10-08,13:44:00,JO33LL,10m,,28126141,-,-,-,53.4792,6.9583,Netherlands,78.06,23.24,-2.22,32.9,146,508,146,3.48,0,0,0.00
2026-10-09-08:08:00,qrplabs_u4b,PE1OAD-20M-570,PE1OAD,"https://wsprtv.com/?show_unattached&cs=PE1OAD&band=20m&ch=570&start_date=2026-09-09","http://balloons.browxy.com/wsprx?other=PE1OAD&banda=20m&balloonid=Q8&timeslot=0&launch=20260909000000&tracker=qrplabs&qrpid=570","https://wsprtv.com/?show_unattached&ct_dec=ct,s:1_68719476736:0:1~ct,s:2_68719476736:0:1~ct,s:3_68719476736:0:1&ct_labels=val1,val2,val3&cs=PE1OAD&band=20m&ch=570&start_date=2026-09-09",2026-10-09,08:08:00,LN70TB,20m,570,14097143,3.05,-21,12780,40.0625,55.625,Turkmenistan,62.50,38.89,4.0,52.52,121,10987,332,33.09,105,15,87.50
2026-10-09-03:24:00,sa6bss_u4b,SA6BSS-10M-160,SA6BSS,"https://wsprtv.com/?show_unattached&cs=SA6BSS&band=10m&ch=160&start_date=2026-09-09","http://balloons.browxy.com/wsprx?other=SA6BSS&banda=10m&balloonid=&timeslot=&launch=20260909000000&tracker=&qrpid=","https://wsprtv.com/?show_unattached&ct_dec=ct,s:1_68719476736:0:1~ct,s:2_68719476736:0:1~ct,s:3_68719476736:0:1&ct_labels=val1,val2,val3&cs=SA6BSS&band=10m&ch=160&start_date=2026-09-09",2026-10-09,03:24:00,PN35OS,10m,160,28126012,4.5,26,13860,45.7708,127.2083,China,68.06,26.25,1.96,49.5,34,79,48,1.65,11,3,78.57
2026-10-09-06:56:00,sa6bss_u4b,SA6BSS-10M-161,SA6BSS,"https://wsprtv.com/?show_unattached&cs=SA6BSS&band=10m&ch=161&start_date=2026-09-09","http://balloons.browxy.com/wsprx?other=SA6BSS&banda=10m&balloonid=&timeslot=&launch=20260909000000&tracker=&qrpid=","https://wsprtv.com/?show_unattached&ct_dec=ct,s:1_68719476736:0:1~ct,s:2_68719476736:0:1~ct,s:3_68719476736:0:1&ct_labels=val1,val2,val3&cs=SA6BSS&band=10m&ch=161&start_date=2026-09-09",2026-10-09,06:56:00,PN65SR,10m,161,28126013,4.5,13,13780,45.7292,133.5417,China,66.67,17.18,0.0,42.35,41,117,62,1.89,16,5,76.19
2026-10-09-04:28:00,sa6bss_u4b,SA6BSS-10M-162,SA6BSS,"https://wsprtv.com/?show_unattached&cs=SA6BSS&band=10m&ch=162&start_date=2026-09-09","http://balloons.browxy.com/wsprx?other=SA6BSS&banda=10m&balloonid=&timeslot=&launch=20260909000000&tracker=&qrpid=","https://wsprtv.com/?show_unattached&ct_dec=ct,s:1_68719476736:0:1~ct,s:2_68719476736:0:1~ct,s:3_68719476736:0:1&ct_labels=val1,val2,val3&cs=SA6BSS&band=10m&ch=162&start_date=2026-09-09",2026-10-09,04:28:00,PN45MT,10m,162,28126011,4.5,13,13860,45.8125,129.0417,China,63.89,28.52,-6.28,42.22,37,105,56,1.88,16,3,84.21
2026-10-09-06:00:00,sa6bss_u4b,SA6BSS-10M-163,SA6BSS,"https://wsprtv.com/?show_unattached&cs=SA6BSS&band=10m&ch=163&start_date=2026-09-09","http://balloons.browxy.com/wsprx?other=SA6BSS&banda=10m&balloonid=&timeslot=&launch=20260909000000&tracker=&qrpid=","https://wsprtv.com/?show_unattached&ct_dec=ct,s:1_68719476736:0:1~ct,s:2_68719476736:0:1~ct,s:3_68719476736:0:1&ct_labels=val1,val2,val3&cs=SA6BSS&band=10m&ch=163&start_date=2026-09-09",2026-10-09,06:00:00,PN55WS,10m,163,28126012,4.5,13,13820,45.7708,131.875,China,68.75,25.93,10.21,42.3,34,90,48,1.88,11,3,78.57
2026-10-09-04:52:00,sa6bss_u4b,SA6BSS-10M-164,SA6BSS,"https://wsprtv.com/?show_unattached&cs=SA6BSS&band=10m&ch=164&start_date=2026-09-09","http://balloons.browxy.com/wsprx?other=SA6BSS&banda=10m&balloonid=&timeslot=&launch=20260909000000&tracker=&qrpid=","https://wsprtv.com/?show_unattached&ct_dec=ct,s:1_68719476736:0:1~ct,s:2_68719476736:0:1~ct,s:3_68719476736:0:1&ct_labels=val1,val2,val3&cs=SA6BSS&band=10m&ch=164&start_date=2026-09-09",2026-10-09,04:52:00,PN45VU,10m,164,28126124,4.5,21,13820,45.8542,129.7917,China,65.28,33.56,-4.77,42.42,47,115,66,1.74,14,4,77.78
2026-10-09-01:12:00,sa6bss_u4b,SA6BSS-12M-,SA6BSS,"https://wsprtv.com/?show_unattached&cs=SA6BSS&band=12m&ch=&start_date=2026-09-09","http://balloons.browxy.com/wsprx?other=SA6BSS&banda=12m&balloonid=&timeslot=&launch=20260909000000&tracker=&qrpid=","https://wsprtv.com/?show_unattached&ct_dec=ct,s:1_68719476736:0:1~ct,s:2_68719476736:0:1~ct,s:3_68719476736:0:1&ct_labels=val1,val2,val3&cs=SA6BSS&band=12m&ch=&start_date=2026-09-09",2026-10-09,01:12:00,RN46LL,12m,,24926186,-,-,-,46.4792,168.9583,None,68.47,38.2,0.0,49.01,38,84,38,2.21,0,0,0.00
2026-10-09-04:06:00,sa6bss_u4b,SA6BSS-15M-175,SA6BSS,"https://wsprtv.com/?show_unattached&cs=SA6BSS&band=15m&ch=175&start_date=2026-09-09","http://balloons.browxy.com/wsprx?other=SA6BSS&banda=15m&balloonid=&timeslot=&launch=20260909000000&tracker=&qrpid=","https://wsprtv.com/?show_unattached&ct_dec=ct,s:1_68719476736:0:1~ct,s:2_68719476736:0:1~ct,s:3_68719476736:0:1&ct_labels=val1,val2,val3&cs=SA6BSS&band=15m&ch=175&start_date=2026-09-09",2026-10-09,04:06:00,RN97BO,15m,175,21096184,4.6,1,12720,47.6042,178.125,None,56.25,19.34,0.0,48.05,34,382,78,4.9,21,7,75.00
2026-10-09-04:38:00,sa6bss_u4b,SA6BSS-15M-176,SA6BSS,"https://wsprtv.com/?show_unattached&cs=SA6BSS&band=15m&ch=176&start_date=2026-09-09","http://balloons.browxy.com/wsprx?other=SA6BSS&banda=15m&balloonid=&timeslot=&launch=20260909000000&tracker=&qrpid=","https://wsprtv.com/?show_unattached&ct_dec=ct,s:1_68719476736:0:1~ct,s:2_68719476736:0:1~ct,s:3_68719476736:0:1&ct_labels=val1,val2,val3&cs=SA6BSS&band=15m&ch=176&start_date=2026-09-09",2026-10-09,04:38:00,RN97SV,15m,176,21096185,4.6,1,12680,47.8958,179.5417,None,60.42,10.28,-4.88,49.82,52,439,81,5.42,29,0,100.00
2026-10-09-05:20:00,sa6bss_u4b,SA6BSS-15M-177,SA6BSS,"https://wsprtv.com/?show_unattached&cs=SA6BSS&band=15m&ch=177&start_date=2026-09-09","http://balloons.browxy.com/wsprx?other=SA6BSS&banda=15m&balloonid=&timeslot=&launch=20260909000000&tracker=&qrpid=","https://wsprtv.com/?show_unattached&ct_dec=ct,s:1_68719476736:0:1~ct,s:2_68719476736:0:1~ct,s:3_68719476736:0:1&ct_labels=val1,val2,val3&cs=SA6BSS&band=15m&ch=177&start_date=2026-09-09",2026-10-09,05:20:00,AN08OH,15m,177,21096181,4.6,-14,12680,48.3125,-178.7917,None,55.56,4.12,-3.25,49.0,39,330,54,6.11,14,1,93.33
2026-10-09-04:52:00,sa6bss_u4b,SA6BSS-15M-178,SA6BSS,"https://wsprtv.com/?show_unattached&cs=SA6BSS&band=15m&ch=178&start_date=2026-09-09","http://balloons.browxy.com/wsprx?other=SA6BSS&banda=15m&balloonid=&timeslot=&launch=20260909000000&tracker=&qrpid=","https://wsprtv.com/?show_unattached&ct_dec=ct,s:1_68719476736:0:1~ct,s:2_68719476736:0:1~ct,s:3_68719476736:0:1&ct_labels=val1,val2,val3&cs=SA6BSS&band=15m&ch=178&start_date=2026-09-09",2026-10-09,04:52:00,AN08BA,15m,178,21096185,4.6,5,12660,48.0208,-179.875,None,60.42,1.46,0.0,48.2,43,348,64,5.44,19,2,90.48
2026-10-09-01:54:00,sa6bss_u4b,SA6BSS-15M-179,SA6BSS,"https://wsprtv.com/?show_unattached&cs=SA6BSS&band=15m&ch=179&start_date=2026-09-09","http://balloons.browxy.com/wsprx?other=SA6BSS&banda=15m&balloonid=&timeslot=&launch=20260909000000&tracker=&qrpid=","https://wsprtv.com/?show_unattached&ct_dec=ct,s:1_68719476736:0:1~ct,s:2_68719476736:0:1~ct,s:3_68719476736:0:1&ct_labels=val1,val2,val3&cs=SA6BSS&band=15m&ch=179&start_date=2026-09-09",2026-10-09,01:54:00,RN56WP,15m,179,21096187,4.6,3,12700,46.6458,171.875,None,56.25,24.6,-6.74,49.46,40,358,59,6.07,19,0,100.00
2026-10-05-14:32:00,sa6bss_u4b,SA6BSS-17M-35,SA6BSS,"https://wsprtv.com/?show_unattached&cs=SA6BSS&band=17m&ch=35&start_date=2026-09-09","http://balloons.browxy.com/wsprx?other=SA6BSS&banda=17m&balloonid=&timeslot=&launch=20260909000000&tracker=&qrpid=","https://wsprtv.com/?show_unattached&ct_dec=ct,s:1_68719476736:0:1~ct,s:2_68719476736:0:1~ct,s:3_68719476736:0:1&ct_labels=val1,val2,val3&cs=SA6BSS&band=17m&ch=35&start_date=2026-09-09",2026-10-05,14:32:00,IO04DH,17m,35,18106211,4.55,5,13280,54.3125,-19.7083,None,56.25,6.85,2.05,42.76,34,649,48,13.52,12,2,85.71
2026-10-05-17:14:00,sa6bss_u4b,SA6BSS-17M-36,SA6BSS,"https://wsprtv.com/?show_unattached&cs=SA6BSS&band=17m&ch=36&start_date=2026-09-09","http://balloons.browxy.com/wsprx?other=SA6BSS&banda=17m&balloonid=&timeslot=&launch=20260909000000&tracker=&qrpid=","https://wsprtv.com/?show_unattached&ct_dec=ct,s:1_68719476736:0:1~ct,s:2_68719476736:0:1~ct,s:3_68719476736:0:1&ct_labels=val1,val2,val3&cs=SA6BSS&band=17m&ch=36&start_date=2026-09-09",2026-10-05,17:14:00,IO26ST,17m,36,18106208,4.6,1,13080,56.8125,-14.4583,None,54.17,12.54,2.04,42.98,24,610,36,16.94,9,2,81.82
2026-10-05-16:06:00,sa6bss_u4b,SA6BSS-17M-37,SA6BSS,"https://wsprtv.com/?show_unattached&cs=SA6BSS&band=17m&ch=37&start_date=2026-09-09","http://balloons.browxy.com/wsprx?other=SA6BSS&banda=17m&balloonid=&timeslot=&launch=20260909000000&tracker=&qrpid=","https://wsprtv.com/?show_unattached&ct_dec=ct,s:1_68719476736:0:1~ct,s:2_68719476736:0:1~ct,s:3_68719476736:0:1&ct_labels=val1,val2,val3&cs=SA6BSS&band=17m&ch=37&start_date=2026-09-09",2026-10-05,16:06:00,IO15OQ,17m,37,18106196,4.6,4,13200,55.6875,-16.7917,None,59.03,20.91,5.85,43.1,28,603,42,14.36,6,7,46.15
2026-10-05-15:38:00,sa6bss_u4b,SA6BSS-17M-38,SA6BSS,"https://wsprtv.com/?show_unattached&cs=SA6BSS&band=17m&ch=38&start_date=2026-09-09","http://balloons.browxy.com/wsprx?other=SA6BSS&banda=17m&balloonid=&timeslot=&launch=20260909000000&tracker=&qrpid=","https://wsprtv.com/?show_unattached&ct_dec=ct,s:1_68719476736:0:1~ct,s:2_68719476736:0:1~ct,s:3_68719476736:0:1&ct_labels=val1,val2,val3&cs=SA6BSS&band=17m&ch=38&start_date=2026-09-09",2026-10-05,15:38:00,IO15DG,17m,38,18106196,4.6,2,13220,55.2708,-17.7083,None,61.11,22.22,5.29,42.76,25,529,40,13.22,10,3,76.92
2026-10-09-05:20:00,sa6bss_u4b,SA6BSS-17M-39,SA6BSS,"https://wsprtv.com/?show_unattached&cs=SA6BSS&band=17m&ch=39&start_date=2026-09-09","http://balloons.browxy.com/wsprx?other=SA6BSS&banda=17m&balloonid=&timeslot=&launch=20260909000000&tracker=&qrpid=","https://wsprtv.com/?show_unattached&ct_dec=ct,s:1_68719476736:0:1~ct,s:2_68719476736:0:1~ct,s:3_68719476736:0:1&ct_labels=val1,val2,val3&cs=SA6BSS&band=17m&ch=39&start_date=2026-09-09",2026-10-09,05:20:00,MN77WD,17m,39,18106194,4.55,4,13280,47.1458,75.875,Kazakhstan,87.50,33.26,7.17,35.72,7,35,10,3.5,2,1,66.67
2026-10-08-12:16:00,sp2roc,SP2ROC/9-15M-,SP2ROC/9,"https://wsprtv.com/?show_unattached&cs=SP2ROC/9&band=15m&ch=&start_date=2026-09-09","http://balloons.browxy.com/wsprx?other=SP2ROC/9&banda=15m&balloonid=&timeslot=&launch=20260909000000&tracker=&qrpid=","https://wsprtv.com/?show_unattached&ct_dec=ct,s:1_68719476736:0:1~ct,s:2_68719476736:0:1~ct,s:3_68719476736:0:1&ct_labels=val1,val2,val3&cs=SP2ROC/9&band=15m&ch=&start_date=2026-09-09",2026-10-08,12:16:00,JP77LL,15m,,21096069,-,-,-,67.4792,14.9583,Norway,88.89,14.92,-37.48,47.87,22,164,22,7.45,0,0,0.00
2026-10-09-01:40:00,sp6mpl,SP6MPL-20M-581,SP6MPL,"https://wsprtv.com/?show_unattached&cs=SP6MPL&band=20m&ch=581&start_date=2026-09-09","http://balloons.browxy.com/wsprx?other=SP6MPL&banda=20m&balloonid=&timeslot=&launch=20260909000000&tracker=&qrpid=","https://wsprtv.com/?show_unattached&ct_dec=ct,s:1_68719476736:0:1~ct,s:2_68719476736:0:1~ct,s:3_68719476736:0:1&ct_labels=val1,val2,val3&cs=SP6MPL&band=20m&ch=581&start_date=2026-09-09",2026-10-09,01:40:00,BN01PA,20m,581,14097022,3.0,-5,13900,41.0208,-158.7083,None,66.67,24.67,13.8,64.64,81,1138,169,6.73,75,4,94.94
2026-10-09-09:00:00,zachtek,SP6MPL/4-20M-Z0,SP6MPL/4,"https://wsprtv.com/?show_unattached&cs=SP6MPL/4&band=20m&ch=Z0&start_date=2026-09-09","http://balloons.browxy.com/wsprx?other=SP6MPL/4&banda=20m&balloonid=&timeslot=&launch=20260909000000&tracker=&qrpid=","https://wsprtv.com/?show_unattached&ct_dec=ct,s:1_68719476736:0:1~ct,s:2_68719476736:0:1~ct,s:3_68719476736:0:1&ct_labels=val1,val2,val3&cs=SP6MPL/4&band=20m&ch=Z0&start_date=2026-09-09",2026-10-09,09:00:00,OP53LL,20m,Z0,14097057,-,-,-,63.4792,110.9583,Russian_Federation,70.69,3.61,-38.33,21.67,106,201,106,1.9,0,0,0.00
2026-10-09-09:54:00,traquito_u4b,VE3VRO-20M-343,VE3VRO,"https://wsprtv.com/?show_unattached&cs=VE3VRO&band=20m&ch=343&start_date=2026-09-09","http://balloons.browxy.com/wsprx?other=VE3VRO&banda=20m&balloonid=17&timeslot=6&launch=20260909000000&tracker=traquito&qrpid=343","https://wsprtv.com/?show_unattached&ct_dec=ct,s:1_68719476736:0:1~ct,s:2_68719476736:0:1~ct,s:3_68719476736:0:1&ct_labels=val1,val2,val3&cs=VE3VRO&band=20m&ch=343&start_date=2026-09-09",2026-10-09,09:54:00,HN91BL,20m,343,14097028,3.9,-33,13840,41.4792,-21.875,None,65.28,23.76,10.0,45.43,102,14815,199,74.45,96,1,98.97
2026-10-09-03:56:00,traquito_u4b,VE7FSB-20M-204,VE7FSB,"https://wsprtv.com/?show_unattached&cs=VE7FSB&band=20m&ch=204&start_date=2026-09-09","http://balloons.browxy.com/wsprx?other=VE7FSB&banda=20m&balloonid=10&timeslot=8&launch=20260909000000&tracker=traquito&qrpid=204","https://wsprtv.com/?show_unattached&ct_dec=ct,s:1_68719476736:0:1~ct,s:2_68719476736:0:1~ct,s:3_68719476736:0:1&ct_labels=val1,val2,val3&cs=VE7FSB&band=20m&ch=204&start_date=2026-09-09",2026-10-09,03:56:00,QN87SD,20m,204,14097028,4.0,-3,11700,47.1458,157.5417,None,71.53,23.65,11.37,42.83,68,656,128,5.12,46,9,83.64
2026-10-05-15:04:00,traquito_u4b,VE7SS-20M-268,VE7SS,"https://wsprtv.com/?show_unattached&cs=VE7SS&band=20m&ch=268&start_date=2026-09-09","http://balloons.browxy.com/wsprx?other=VE7SS&banda=20m&balloonid=13&timeslot=6&launch=20260909000000&tracker=traquito&qrpid=268","https://wsprtv.com/?show_unattached&ct_dec=ct,s:1_68719476736:0:1~ct,s:2_68719476736:0:1~ct,s:3_68719476736:0:1&ct_labels=val1,val2,val3&cs=VE7SS&band=20m&ch=268&start_date=2026-09-09",2026-10-05,15:04:00,HO70WG,20m,268,14097066,4.45,-25,12820,50.2708,-24.125,None,75.69,23.94,23.12,41.2,73,8269,130,63.61,57,0,100.00
2026-10-09-08:30:00,qrplabs_u4b,VK2ARX-15M-87,VK2ARX,"https://wsprtv.com/?show_unattached&cs=VK2ARX&band=15m&ch=87&start_date=2026-09-09","http://balloons.browxy.com/wsprx?other=VK2ARX&banda=15m&balloonid=04&timeslot=2&launch=20260909000000&tracker=qrplabs&qrpid=87","https://wsprtv.com/?show_unattached&ct_dec=ct,s:1_68719476736:0:1~ct,s:2_68719476736:0:1~ct,s:3_68719476736:0:1&ct_labels=val1,val2,val3&cs=VK2ARX&band=15m&ch=87&start_date=2026-09-09",2026-10-09,08:30:00,LH46VT,15m,87,21096060,3.25,-4,14020,-13.1875,49.7917,Madagascar,67.36,82.54,0.0,84.81,29,55,48,1.15,5,8,38.46
2026-10-08-20:32:00,qrplabs_u4b,VK2ARX-20M-142,VK2ARX,"https://wsprtv.com/?show_unattached&cs=VK2ARX&band=20m&ch=142&start_date=2026-09-09","http://balloons.browxy.com/wsprx?other=VK2ARX&banda=20m&balloonid=07&timeslot=4&launch=20260909000000&tracker=qrplabs&qrpid=142","https://wsprtv.com/?show_unattached&ct_dec=ct,s:1_68719476736:0:1~ct,s:2_68719476736:0:1~ct,s:3_68719476736:0:1&ct_labels=val1,val2,val3&cs=VK2ARX&band=20m&ch=142&start_date=2026-09-09",2026-10-08,20:32:00,FG19QH,20m,142,14097039,3.45,-1,14220,-20.6875,-76.625,None,61.11,30.66,0.0,64.56,45,230,76,3.03,28,2,93.33
2026-10-05-21:16:00,qrplabs_u4b,W7LT-20M-149,W7LT,"https://wsprtv.com/?show_unattached&cs=W7LT&band=20m&ch=149&start_date=2026-09-09","http://balloons.browxy.com/wsprx?other=W7LT&banda=20m&balloonid=07&timeslot=8&launch=20260909000000&tracker=qrplabs&qrpid=149","https://wsprtv.com/?show_unattached&ct_dec=ct,s:1_68719476736:0:1~ct,s:2_68719476736:0:1~ct,s:3_68719476736:0:1&ct_labels=val1,val2,val3&cs=W7LT&band=20m&ch=149&start_date=2026-09-09",2026-10-05,21:16:00,CN96TP,20m,149,14097060,3.3,31,860,46.6458,-120.375,United_States_of_America,94.44,31.31,29.3,39.36,34,692,104,6.65,32,1,96.97
2026-10-06-01:30:00,zachtek,W9MGB-20M-Z0,W9MGB,"https://wsprtv.com/?show_unattached&cs=W9MGB&band=20m&ch=Z0&start_date=2026-09-09","http://balloons.browxy.com/wsprx?other=W9MGB&banda=20m&balloonid=&timeslot=&launch=20260909000000&tracker=&qrpid=","https://wsprtv.com/?show_unattached&ct_dec=ct,s:1_68719476736:0:1~ct,s:2_68719476736:0:1~ct,s:3_68719476736:0:1&ct_labels=val1,val2,val3&cs=W9MGB&band=20m&ch=Z0&start_date=2026-09-09",2026-10-06,01:30:00,CF17LL,20m,Z0,14097057,-,-,-,-32.5208,-137.0417,None,66.53,22.6,19.72,61.76,149,861,149,5.78,0,0,0.00
2026-10-09-06:34:00,traquito_u4b,WD4CFN-20M-223,WD4CFN,"https://wsprtv.com/?show_unattached&cs=WD4CFN&band=20m&ch=223&start_date=2026-09-09","http://balloons.browxy.com/wsprx?other=WD4CFN&banda=20m&balloonid=11&timeslot=6&launch=20260909000000&tracker=traquito&qrpid=223","https://wsprtv.com/?show_unattached&ct_dec=ct,s:1_68719476736:0:1~ct,s:2_68719476736:0:1~ct,s:3_68719476736:0:1&ct_labels=val1,val2,val3&cs=WD4CFN&band=20m&ch=223&start_date=2026-09-09",2026-10-09,06:34:00,PM84PF,20m,223,14097030,4.6,-37,13720,34.2292,137.2917,Japan,63.89,21.43,2.67,53.06,105,1639,203,8.07,93,4,95.88
2026-10-07-03:52:00,traquito_u4b,ZL2PM-20M-457,ZL2PM,"https://wsprtv.com/?show_unattached&cs=ZL2PM&band=20m&ch=457&start_date=2026-09-09","http://balloons.browxy.com/wsprx?other=ZL2PM&banda=20m&balloonid=Q2&timeslot=4&launch=20260909000000&tracker=traquito&qrpid=457","https://wsprtv.com/?show_unattached&ct_dec=ct,s:1_68719476736:0:1~ct,s:2_68719476736:0:1~ct,s:3_68719476736:0:1&ct_labels=val1,val2,val3&cs=ZL2PM&band=20m&ch=457&start_date=2026-09-09",2026-10-07,03:52:00,RF80SK,20m,457,14097189,4.95,7,2520,-39.5625,177.5417,New_Zealand,0.69,23.77,23.77,55.91,26,909,53,17.15,26,0,100.00
2026-10-09-09:54:00,traquito_u4b,ZS6WBT-20M-148,ZS6WBT,"https://wsprtv.com/?show_unattached&cs=ZS6WBT&band=20m&ch=148&start_date=2026-09-09","http://balloons.browxy.com/wsprx?other=ZS6WBT&banda=20m&balloonid=07&timeslot=6&launch=20260909000000&tracker=traquito&qrpid=148","https://wsprtv.com/?show_unattached&ct_dec=ct,s:1_68719476736:0:1~ct,s:2_68719476736:0:1~ct,s:3_68719476736:0:1&ct_labels=val1,val2,val3&cs=ZS6WBT&band=20m&ch=148&start_date=2026-09-09",2026-10-09,09:54:00,GF87VP,20m,148,14097079,3.35,5,15540,-32.3542,-42.2083,None,57.64,7.05,7.05,69.5,78,446,155,2.88,73,1,98.65
